"entidad","entidad_ascii","distrito","coalicion","grupo_parlamentario","partido_origen"
"AGUASCALIENTES","AGUASCALIENTES",1,"JUNTOS HAREMOS HISTORIA","PT",\N
"AGUASCALIENTES","AGUASCALIENTES",1,"POR MEXICO AL FRENTE","PRD",\N
"AGUASCALIENTES","AGUASCALIENTES",2,"JUNTOS HAREMOS HISTORIA","PES",\N
"AGUASCALIENTES","AGUASCALIENTES",2,"POR MEXICO AL FRENTE","PAN",\N
"AGUASCALIENTES","AGUASCALIENTES",3,"JUNTOS HAREMOS HISTORIA","MORENA",\N
"AGUASCALIENTES","AGUASCALIENTES",3,"POR MEXICO AL FRENTE","PAN",\N
"BAJA CALIFORNIA","BAJA CALIFORNIA",1,"JUNTOS HAREMOS HISTORIA","MORENA",\N
"BAJA CALIFORNIA","BAJA CALIFORNIA",1,"POR MEXICO AL FRENTE","PAN",\N
"BAJA CALIFORNIA","BAJA CALIFORNIA",2,"JUNTOS HAREMOS HISTORIA","MORENA",\N
"BAJA CALIFORNIA","BAJA CALIFORNIA",2,"POR MEXICO AL FRENTE","PAN",\N
"BAJA CALIFORNIA","BAJA CALIFORNIA",3,"JUNTOS HAREMOS HISTORIA","PT",\N
"BAJA CALIFORNIA","BAJA CALIFORNIA",3,"POR MEXICO AL FRENTE","PRD",\N
"BAJA CALIFORNIA","BAJA CALIFORNIA",4,"JUNTOS HAREMOS HISTORIA","MORENA",\N
"BAJA CALIFORNIA","BAJA CALIFORNIA",4,"POR MEXICO AL FRENTE","PAN",\N
"BAJA CALIFORNIA","BAJA CALIFORNIA",5,"JUNTOS HAREMOS HISTORIA","MORENA",\N
"BAJA CALIFORNIA","BAJA CALIFORNIA",5,"POR MEXICO AL FRENTE","PAN",\N
"BAJA CALIFORNIA","BAJA CALIFORNIA",6,"JUNTOS HAREMOS HISTORIA","PES",\N
"BAJA CALIFORNIA","BAJA CALIFORNIA",6,"POR MEXICO AL FRENTE","PAN",\N
"BAJA CALIFORNIA","BAJA CALIFORNIA",7,"JUNTOS HAREMOS HISTORIA","MORENA",\N
"BAJA CALIFORNIA","BAJA CALIFORNIA",7,"POR MEXICO AL FRENTE","PAN",\N
"BAJA CALIFORNIA","BAJA CALIFORNIA",8,"JUNTOS HAREMOS HISTORIA","PES",\N
"BAJA CALIFORNIA","BAJA CALIFORNIA",8,"POR MEXICO AL FRENTE","",\N
"BAJA CALIFORNIA SUR","BAJA CALIFORNIA SUR",1,"JUNTOS HAREMOS HISTORIA","MORENA",\N
"BAJA CALIFORNIA SUR","BAJA CALIFORNIA SUR",1,"POR MEXICO AL FRENTE","PAN",\N
"BAJA CALIFORNIA SUR","BAJA CALIFORNIA SUR",2,"JUNTOS HAREMOS HISTORIA","PT",\N
"BAJA CALIFORNIA SUR","BAJA CALIFORNIA SUR",2,"POR MEXICO AL FRENTE","PAN",\N
"CAMPECHE","CAMPECHE",1,"JUNTOS HAREMOS HISTORIA","MORENA",\N
"CAMPECHE","CAMPECHE",1,"POR MEXICO AL FRENTE","PRD",\N
"CAMPECHE","CAMPECHE",2,"JUNTOS HAREMOS HISTORIA","MORENA",\N
"CAMPECHE","CAMPECHE",2,"POR MEXICO AL FRENTE","PAN",\N
"CAMPECHE","CAMPECHE",2,"TODOS POR MEXICO",\N,\N
"CHIA PAS","CHIA PAS",11,"POR MEXICO AL FRENTE","PRD",\N
"CHIAPAS","CHIAPAS",1,"JUNTOS HAREMOS HISTORIA","MORENA",\N
"CHIAPAS","CHIAPAS",1,"POR MEXICO AL FRENTE","PRD",\N
"CHIAPAS","CHIAPAS",2,"JUNTOS HAREMOS HISTORIA","MORENA",\N
"CHIAPAS","CHIAPAS",2,"POR MEXICO AL FRENTE","PRD",\N
"CHIAPAS","CHIAPAS",3,"JUNTOS HAREMOS HISTORIA","MORENA",\N
"CHIAPAS","CHIAPAS",3,"POR MEXICO AL FRENTE","MC",\N
"CHIAPAS","CHIAPAS",4,"JUNTOS HAREMOS HISTORIA","PT",\N
"CHIAPAS","CHIAPAS",4,"POR MEXICO AL FRENTE","PAN",\N
"CHIAPAS","CHIAPAS",5,"JUNTOS HAREMOS HISTORIA","PES",\N
"CHIAPAS","CHIAPAS",5,"POR MEXICO AL FRENTE","PRD",\N
"CHIAPAS","CHIAPAS",6,"JUNTOS HAREMOS HISTORIA","PES",\N
"CHIAPAS","CHIAPAS",6,"POR MEXICO AL FRENTE","PAN",\N
"CHIAPAS","CHIAPAS",7,"JUNTOS HAREMOS HISTORIA","PT",\N
"CHIAPAS","CHIAPAS",7,"POR MEXICO AL FRENTE","PAN",\N
"CHIAPAS","CHIAPAS",7,"TODOS POR MEXICO",\N,\N
"CHIAPAS","CHIAPAS",8,"JUNTOS HAREMOS HISTORIA","PT",\N
"CHIAPAS","CHIAPAS",8,"POR MEXICO AL FRENTE","MC",\N
"CHIAPAS","CHIAPAS",9,"POR MEXICO AL FRENTE","MC",\N
"CHIAPAS","CHIAPAS",9,"TODOS POR MEXICO",\N,\N
"CHIAPAS","CHIAPAS",10,"JUNTOS HAREMOS HISTORIA","PT",\N
"CHIAPAS","CHIAPAS",10,"POR MEXICO AL FRENTE","PRD",\N
"CHIAPAS","CHIAPAS",11,"JUNTOS HAREMOS HISTORIA","PES",\N
"CHIAPAS","CHIAPAS",12,"JUNTOS HAREMOS HISTORIA","MORENA",\N
"CHIAPAS","CHIAPAS",12,"POR MEXICO AL FRENTE","PAN",\N
"CHIAPAS","CHIAPAS",12,"TODOS POR MEXICO",\N,\N
"CHIAPAS","CHIAPAS",13,"JUNTOS HAREMOS HISTORIA","PES",\N
"CHIAPAS","CHIAPAS",13,"POR MEXICO AL FRENTE","PRD",\N
"CHIAPAS","CHIAPAS",13,"TODOS POR MEXICO",\N,\N
"CHIHUAHUA","CHIHUAHUA",1,"JUNTOS HAREMOS HISTORIA","PT",\N
"CHIHUAHUA","CHIHUAHUA",1,"POR MEXICO AL FRENTE","PAN",\N
"CHIHUAHUA","CHIHUAHUA",2,"JUNTOS HAREMOS HISTORIA","MORENA",\N
"CHIHUAHUA","CHIHUAHUA",2,"POR MEXICO AL FRENTE","PRD",\N
"CHIHUAHUA","CHIHUAHUA",3,"JUNTOS HAREMOS HISTORIA","MORENA",\N
"CHIHUAHUA","CHIHUAHUA",3,"POR MEXICO AL FRENTE","PAN",\N
"CHIHUAHUA","CHIHUAHUA",4,"JUNTOS HAREMOS HISTORIA","PES",\N
"CHIHUAHUA","CHIHUAHUA",4,"POR MEXICO AL FRENTE","PAN",\N
"CHIHUAHUA","CHIHUAHUA",5,"JUNTOS HAREMOS HISTORIA","MORENA",\N
"CHIHUAHUA","CHIHUAHUA",5,"POR MEXICO AL FRENTE","PAN",\N
"CHIHUAHUA","CHIHUAHUA",6,"JUNTOS HAREMOS HISTORIA","MORENA",\N
"CHIHUAHUA","CHIHUAHUA",6,"POR MEXICO AL FRENTE","PAN",\N
"CHIHUAHUA","CHIHUAHUA",7,"JUNTOS HAREMOS HISTORIA","MORENA",\N
"CHIHUAHUA","CHIHUAHUA",7,"POR MEXICO AL FRENTE","PAN",\N
"CHIHUAHUA","CHIHUAHUA",8,"JUNTOS HAREMOS HISTORIA","PES",\N
"CHIHUAHUA","CHIHUAHUA",8,"POR MEXICO AL FRENTE","MC",\N
"CHIHUAHUA","CHIHUAHUA",9,"JUNTOS HAREMOS HISTORIA","MORENA",\N
"CHIHUAHUA","CHIHUAHUA",9,"POR MEXICO AL FRENTE","PAN",\N
"CIUDAD D E MÉXICO","CIUDAD D E MEXICO",10,"POR MEXICO AL FRENTE","PAN",\N
"CIUDAD DE MÉXICO","CIUDAD DE MEXICO",1,"POR MEXICO AL FRENTE","PRD",\N
"CIUDAD DE MÉXICO","CIUDAD DE MEXICO",2,"JUNTOS HAREMOS HISTORIA","MORENA",\N
"CIUDAD DE MÉXICO","CIUDAD DE MEXICO",2,"POR MEXICO AL FRENTE","PAN",\N
"CIUDAD DE MÉXICO","CIUDAD DE MEXICO",3,"JUNTOS HAREMOS HISTORIA","PT",\N
"CIUDAD DE MÉXICO","CIUDAD DE MEXICO",3,"POR MEXICO AL FRENTE","PRD",\N
"CIUDAD DE MÉXICO","CIUDAD DE MEXICO",4,"JUNTOS HAREMOS HISTORIA","PES",\N
"CIUDAD DE MÉXICO","CIUDAD DE MEXICO",4,"POR MEXICO AL FRENTE","PRD",\N
"CIUDAD DE MÉXICO","CIUDAD DE MEXICO",5,"JUNTOS HAREMOS HISTORIA","MORENA",\N
"CIUDAD DE MÉXICO","CIUDAD DE MEXICO",5,"POR MEXICO AL FRENTE","PAN",\N
"CIUDAD DE MÉXICO","CIUDAD DE MEXICO",6,"JUNTOS HAREMOS HISTORIA","PT",\N
"CIUDAD DE MÉXICO","CIUDAD DE MEXICO",6,"POR MEXICO AL FRENTE","PAN",\N
"CIUDAD DE MÉXICO","CIUDAD DE MEXICO",7,"JUNTOS HAREMOS HISTORIA","PES",\N
"CIUDAD DE MÉXICO","CIUDAD DE MEXICO",7,"POR MEXICO AL FRENTE","MC",\N
"CIUDAD DE MÉXICO","CIUDAD DE MEXICO",8,"JUNTOS HAREMOS HISTORIA","PES",\N
"CIUDAD DE MÉXICO","CIUDAD DE MEXICO",8,"POR MEXICO AL FRENTE","PRD",\N
"CIUDAD DE MÉXICO","CIUDAD DE MEXICO",9,"JUNTOS HAREMOS HISTORIA","PT",\N
"CIUDAD DE MÉXICO","CIUDAD DE MEXICO",9,"POR MEXICO AL FRENTE","PRD",\N
"CIUDAD DE MÉXICO","CIUDAD DE MEXICO",10,"JUNTOS HAREMOS HISTORIA","MORENA",\N
"CIUDAD DE MÉXICO","CIUDAD DE MEXICO",11,"JUNTOS HAREMOS HISTORIA","MORENA",\N
"CIUDAD DE MÉXICO","CIUDAD DE MEXICO",11,"POR MEXICO AL FRENTE","MC",\N
"CIUDAD DE MÉXICO","CIUDAD DE MEXICO",12,"JUNTOS HAREMOS HISTORIA","",\N
"CIUDAD DE MÉXICO","CIUDAD DE MEXICO",12,"POR MEXICO AL FRENTE","PAN",\N
"CIUDAD DE MÉXICO","CIUDAD DE MEXICO",13,"JUNTOS HAREMOS HISTORIA","PT",\N
"CIUDAD DE MÉXICO","CIUDAD DE MEXICO",13,"POR MEXICO AL FRENTE","PRD",\N
"CIUDAD DE MÉXICO","CIUDAD DE MEXICO",14,"JUNTOS HAREMOS HISTORIA","MORENA",\N
"CIUDAD DE MÉXICO","CIUDAD DE MEXICO",14,"POR MEXICO AL FRENTE","PAN",\N
"CIUDAD DE MÉXICO","CIUDAD DE MEXICO",15,"JUNTOS HAREMOS HISTORIA","PES",\N
"CIUDAD DE MÉXICO","CIUDAD DE MEXICO",15,"POR MEXICO AL FRENTE","PAN",\N
"CIUDAD DE MÉXICO","CIUDAD DE MEXICO",16,"JUNTOS HAREMOS HISTORIA","MORENA",\N
"CIUDAD DE MÉXICO","CIUDAD DE MEXICO",16,"POR MEXICO AL FRENTE","PRD",\N
"CIUDAD DE MÉXICO","CIUDAD DE MEXICO",17,"JUNTOS HAREMOS HISTORIA","PT",\N
"CIUDAD DE MÉXICO","CIUDAD DE MEXICO",17,"POR MEXICO AL FRENTE","MC",\N
"CIUDAD DE MÉXICO","CIUDAD DE MEXICO",18,"JUNTOS HAREMOS HISTORIA","MORENA",\N
"CIUDAD DE MÉXICO","CIUDAD DE MEXICO",18,"POR MEXICO AL FRENTE","PRD",\N
"CIUDAD DE MÉXICO","CIUDAD DE MEXICO",19,"JUNTOS HAREMOS HISTORIA","MORENA",\N
"CIUDAD DE MÉXICO","CIUDAD DE MEXICO",19,"POR MEXICO AL FRENTE","PRD",\N
"CIUDAD DE MÉXICO","CIUDAD DE MEXICO",20,"JUNTOS HAREMOS HISTORIA","MORENA",\N
"CIUDAD DE MÉXICO","CIUDAD DE MEXICO",20,"POR MEXICO AL FRENTE","PRD",\N
"CIUDAD DE MÉXICO","CIUDAD DE MEXICO",21,"JUNTOS HAREMOS HISTORIA","PT",\N
"CIUDAD DE MÉXICO","CIUDAD DE MEXICO",21,"POR MEXICO AL FRENTE","MC",\N
"CIUDAD DE MÉXICO","CIUDAD DE MEXICO",22,"JUNTOS HAREMOS HISTORIA","PES",\N
"CIUDAD DE MÉXICO","CIUDAD DE MEXICO",22,"POR MEXICO AL FRENTE","PRD",\N
"CIUDAD DE MÉXICO","CIUDAD DE MEXICO",23,"JUNTOS HAREMOS HISTORIA","PT",\N
"CIUDAD DE MÉXICO","CIUDAD DE MEXICO",23,"POR MEXICO AL FRENTE","PRD",\N
"CIUDAD DE MÉXICO","CIUDAD DE MEXICO",24,"JUNTOS HAREMOS HISTORIA","MORENA",\N
"CIUDAD DE MÉXICO","CIUDAD DE MEXICO",24,"POR MEXICO AL FRENTE","PAN",\N
"COAHUI LA","COAHUI LA",4,"JUNTOS HAREMOS HISTORIA","PT",\N
"COAHUILA","COAHUILA",1,"JUNTOS HAREMOS HISTORIA","PES",\N
"COAHUILA","COAHUILA",1,"POR MEXICO AL FRENTE","PAN",\N
"COAHUILA","COAHUILA",2,"JUNTOS HAREMOS HISTORIA","PES",\N
"COAHUILA","COAHUILA",2,"POR MEXICO AL FRENTE","MC",\N
"COAHUILA","COAHUILA",3,"JUNTOS HAREMOS HISTORIA","PT",\N
"COAHUILA","COAHUILA",3,"POR MEXICO AL FRENTE","PAN",\N
"COAHUILA","COAHUILA",4,"POR MEXICO AL FRENTE","PAN",\N
"COAHUILA","COAHUILA",5,"JUNTOS HAREMOS HISTORIA","MORENA",\N
"COAHUILA","COAHUILA",5,"POR MEXICO AL FRENTE","PAN",\N
"COAHUILA","COAHUILA",6,"JUNTOS HAREMOS HISTORIA","PES",\N
"COAHUILA","COAHUILA",6,"POR MEXICO AL FRENTE","PAN",\N
"COAHUILA","COAHUILA",7,"JUNTOS HAREMOS HISTORIA","PES",\N
"COAHUILA","COAHUILA",7,"POR MEXICO AL FRENTE","PRD",\N
"COAHUILA","COAHUILA",1,"TODOS POR MEXICO",\N,\N
"COAHUILA","COAHUILA",2,"TODOS POR MEXICO",\N,\N
"COAHUILA","COAHUILA",3,"TODOS POR MEXICO",\N,\N
"COAHUILA","COAHUILA",4,"TODOS POR MEXICO",\N,\N
"COAHUILA","COAHUILA",6,"TODOS POR MEXICO",\N,\N
"COAHUILA","COAHUILA",7,"TODOS POR MEXICO",\N,\N
"COLIMA","COLIMA",1,"JUNTOS HAREMOS HISTORIA","MORENA",\N
"COLIMA","COLIMA",1,"POR MEXICO AL FRENTE","PRD",\N
"COLIMA","COLIMA",1,"TODOS POR MEXICO",\N,\N
"COLIMA","COLIMA",2,"JUNTOS HAREMOS HISTORIA","PT",\N
"COLIMA","COLIMA",2,"POR MEXICO AL FRENTE","PAN",\N
"COLIMA","COLIMA",2,"TODOS POR MEXICO",\N,\N
"DURANGO","DURANGO",1,"JUNTOS HAREMOS HISTORIA","PT",\N
"DURANGO","DURANGO",1,"POR MEXICO AL FRENTE","PAN",\N
"DURANGO","DURANGO",2,"JUNTOS HAREMOS HISTORIA","PES",\N
"DURANGO","DURANGO",2,"POR MEXICO AL FRENTE","MC",\N
"DURANGO","DURANGO",3,"JUNTOS HAREMOS HISTORIA","MORENA",\N
"DURANGO","DURANGO",3,"POR MEXICO AL FRENTE","PRD",\N
"DURANGO","DURANGO",4,"JUNTOS HAREMOS HISTORIA","PT",\N
"DURANGO","DURANGO",4,"POR MEXICO AL FRENTE","PAN",\N
"ESTA DO DE MÉXICO","ESTA DO DE MEXICO",26,"JUNTOS HAREMOS HISTORIA","MORENA",\N
"ESTAD O DE MÉXICO","ESTAD O DE MEXICO",32,"JUNTOS HAREMOS HISTORIA","MORENA",\N
"ESTADO DE M EXICO","ESTADO DE M EXICO",16,"POR MEXICO AL FRENTE","PRD",\N
"ESTADO DE M EXICO","ESTADO DE M EXICO",39,"POR MEXICO AL FRENTE","PRD",\N
"MÉXICO","MEXICO",1,"JUNTOS HAREMOS HISTORIA","PT",\N
"MÉXICO","MEXICO",1,"POR MEXICO AL FRENTE","MC",\N
"MÉXICO","MEXICO",1,"TODOS POR MEXICO",\N,\N
"MÉXICO","MEXICO",2,"JUNTOS HAREMOS HISTORIA","MORENA",\N
"MÉXICO","MEXICO",2,"POR MEXICO AL FRENTE","PRD",\N
"MÉXICO","MEXICO",2,"TODOS POR MEXICO",\N,\N
"MÉXICO","MEXICO",3,"JUNTOS HAREMOS HISTORIA","PT",\N
"MÉXICO","MEXICO",3,"POR MEXICO AL FRENTE","PAN",\N
"MÉXICO","MEXICO",3,"TODOS POR MEXICO",\N,\N
"MÉXICO","MEXICO",4,"JUNTOS HAREMOS HISTORIA","MORENA",\N
"MÉXICO","MEXICO",4,"POR MEXICO AL FRENTE","PAN",\N
"MÉXICO","MEXICO",4,"TODOS POR MEXICO",\N,\N
"MÉXICO","MEXICO",5,"JUNTOS HAREMOS HISTORIA","PT",\N
"MÉXICO","MEXICO",5,"POR MEXICO AL FRENTE","PAN",\N
"MÉXICO","MEXICO",5,"TODOS POR MEXICO",\N,\N
"MÉXICO","MEXICO",6,"JUNTOS HAREMOS HISTORIA","PES",\N
"MÉXICO","MEXICO",6,"POR MEXICO AL FRENTE","PRD",\N
"MÉXICO","MEXICO",7,"JUNTOS HAREMOS HISTORIA","PES",\N
"MÉXICO","MEXICO",7,"POR MEXICO AL FRENTE","MC",\N
"MÉXICO","MEXICO",7,"TODOS POR MEXICO",\N,\N
"MÉXICO","MEXICO",8,"JUNTOS HAREMOS HISTORIA","MORENA",\N
"MÉXICO","MEXICO",8,"POR MEXICO AL FRENTE","PRD",\N
"MÉXICO","MEXICO",8,"TODOS POR MEXICO",\N,\N
"MÉXICO","MEXICO",9,"JUNTOS HAREMOS HISTORIA","PT",\N
"MÉXICO","MEXICO",9,"POR MEXICO AL FRENTE","MC",\N
"MÉXICO","MEXICO",10,"JUNTOS HAREMOS HISTORIA","PES",\N
"MÉXICO","MEXICO",10,"POR MEXICO AL FRENTE","PRD",\N
"MÉXICO","MEXICO",11,"JUNTOS HAREMOS HISTORIA","MORENA",\N
"MÉXICO","MEXICO",11,"POR MEXICO AL FRENTE","PAN",\N
"MÉXICO","MEXICO",12,"JUNTOS HAREMOS HISTORIA","MORENA",\N
"MÉXICO","MEXICO",12,"POR MEXICO AL FRENTE","PRD",\N
"MÉXICO","MEXICO",12,"TODOS POR MEXICO",\N,\N
"MÉXICO","MEXICO",13,"JUNTOS HAREMOS HISTORIA","MORENA",\N
"MÉXICO","MEXICO",13,"POR MEXICO AL FRENTE","PRD",\N
"MÉXICO","MEXICO",13,"TODOS POR MEXICO",\N,\N
"MÉXICO","MEXICO",14,"JUNTOS HAREMOS HISTORIA","MORENA",\N
"MÉXICO","MEXICO",14,"POR MEXICO AL FRENTE","PAN",\N
"MÉXICO","MEXICO",15,"JUNTOS HAREMOS HISTORIA","PES",\N
"MÉXICO","MEXICO",15,"POR MEXICO AL FRENTE","PAN",\N
"MÉXICO","MEXICO",16,"JUNTOS HAREMOS HISTORIA","MORENA",\N
"MÉXICO","MEXICO",17,"JUNTOS HAREMOS HISTORIA","PT",\N
"MÉXICO","MEXICO",17,"POR MEXICO AL FRENTE","PRD",\N
"MÉXICO","MEXICO",18,"JUNTOS HAREMOS HISTORIA","MORENA",\N
"MÉXICO","MEXICO",18,"POR MEXICO AL FRENTE","PAN",\N
"MÉXICO","MEXICO",18,"TODOS POR MEXICO",\N,\N
"MÉXICO","MEXICO",19,"JUNTOS HAREMOS HISTORIA","MORENA",\N
"MÉXICO","MEXICO",19,"POR MEXICO AL FRENTE","PAN",\N
"MÉXICO","MEXICO",20,"JUNTOS HAREMOS HISTORIA","MORENA",\N
"MÉXICO","MEXICO",20,"POR MEXICO AL FRENTE","PRD",\N
"MÉXICO","MEXICO",20,"TODOS POR MEXICO",\N,\N
"MÉXICO","MEXICO",21,"JUNTOS HAREMOS HISTORIA","PES",\N
"MÉXICO","MEXICO",21,"TODOS POR MEXICO",\N,\N
"MÉXICO","MEXICO",22,"JUNTOS HAREMOS HISTORIA","PAN",\N
"MÉXICO","MEXICO",22,"POR MEXICO AL FRENTE","PAN",\N
"MÉXICO","MEXICO",22,"TODOS POR MEXICO",\N,\N
"MÉXICO","MEXICO",23,"JUNTOS HAREMOS HISTORIA","MORENA",\N
"MÉXICO","MEXICO",23,"POR MEXICO AL FRENTE","PAN",\N
"MÉXICO","MEXICO",24,"JUNTOS HAREMOS HISTORIA","MORENA",\N
"MÉXICO","MEXICO",24,"POR MEXICO AL FRENTE","PAN",\N
"MÉXICO","MEXICO",24,"TODOS POR MEXICO",\N,\N
"MÉXICO","MEXICO",25,"JUNTOS HAREMOS HISTORIA","MORENA",\N
"MÉXICO","MEXICO",25,"POR MEXICO AL FRENTE","PRD",\N
"MÉXICO","MEXICO",25,"TODOS POR MEXICO",\N,\N
"MÉXICO","MEXICO",26,"POR MEXICO AL FRENTE","PAN",\N
"MÉXICO","MEXICO",26,"TODOS POR MEXICO",\N,\N
"MÉXICO","MEXICO",27,"JUNTOS HAREMOS HISTORIA","MORENA",\N
"MÉXICO","MEXICO",27,"POR MEXICO AL FRENTE","PRD",\N
"MÉXICO","MEXICO",27,"TODOS POR MEXICO",\N,\N
"MÉXICO","MEXICO",28,"JUNTOS HAREMOS HISTORIA","PAN",\N
"MÉXICO","MEXICO",28,"POR MEXICO AL FRENTE","PAN",\N
"MÉXICO","MEXICO",28,"TODOS POR MEXICO",\N,\N
"MÉXICO","MEXICO",29,"JUNTOS HAREMOS HISTORIA","MORENA",\N
"MÉXICO","MEXICO",29,"POR MEXICO AL FRENTE","PRD",\N
"MÉXICO","MEXICO",29,"TODOS POR MEXICO",\N,\N
"MÉXICO","MEXICO",30,"JUNTOS HAREMOS HISTORIA","MORENA",\N
"MÉXICO","MEXICO",30,"POR MEXICO AL FRENTE","PRD",\N
"MÉXICO","MEXICO",30,"TODOS POR MEXICO",\N,\N
"MÉXICO","MEXICO",31,"JUNTOS HAREMOS HISTORIA","MORENA",\N
"MÉXICO","MEXICO",31,"POR MEXICO AL FRENTE","PRD",\N
"MÉXICO","MEXICO",31,"TODOS POR MEXICO",\N,\N
"MÉXICO","MEXICO",32,"POR MEXICO AL FRENTE","PRD",\N
"MÉXICO","MEXICO",33,"JUNTOS HAREMOS HISTORIA","PES",\N
"MÉXICO","MEXICO",33,"POR MEXICO AL FRENTE","PRD",\N
"MÉXICO","MEXICO",33,"TODOS POR MEXICO",\N,\N
"MÉXICO","MEXICO",34,"JUNTOS HAREMOS HISTORIA","MORENA",\N
"MÉXICO","MEXICO",34,"POR MEXICO AL FRENTE","PRD",\N
"MÉXICO","MEXICO",34,"TODOS POR MEXICO",\N,\N
"MÉXICO","MEXICO",35,"JUNTOS HAREMOS HISTORIA","PT",\N
"MÉXICO","MEXICO",35,"POR MEXICO AL FRENTE","MC",\N
"MÉXICO","MEXICO",35,"TODOS POR MEXICO",\N,\N
"MÉXICO","MEXICO",36,"JUNTOS HAREMOS HISTORIA","MORENA",\N
"MÉXICO","MEXICO",36,"POR MEXICO AL FRENTE","PRD",\N
"MÉXICO","MEXICO",37,"JUNTOS HAREMOS HISTORIA","MORENA",\N
"MÉXICO","MEXICO",37,"POR MEXICO AL FRENTE","PAN",\N
"MÉXICO","MEXICO",38,"JUNTOS HAREMOS HISTORIA","MORENA",\N
"MÉXICO","MEXICO",38,"POR MEXICO AL FRENTE","MC",\N
"MÉXICO","MEXICO",39,"JUNTOS HAREMOS HISTORIA","PT",\N
"MÉXICO","MEXICO",40,"JUNTOS HAREMOS HISTORIA","PT",\N
"MÉXICO","MEXICO",40,"POR MEXICO AL FRENTE","MC",\N
"MÉXICO","MEXICO",41,"JUNTOS HAREMOS HISTORIA","MORENA",\N
"MÉXICO","MEXICO",41,"POR MEXICO AL FRENTE","PAN",\N
"GUANAJ UATO","GUANAJ UATO",10,"JUNTOS HAREMOS HISTORIA","MORENA",\N
"GUANAJUATO","GUANAJUATO",1,"JUNTOS HAREMOS HISTORIA","MORENA",\N
"GUANAJUATO","GUANAJUATO",1,"POR MEXICO AL FRENTE","MC",\N
"GUANAJUATO","GUANAJUATO",2,"JUNTOS HAREMOS HISTORIA","MORENA",\N
"GUANAJUATO","GUANAJUATO",2,"POR MEXICO AL FRENTE","PAN",\N
"GUANAJUATO","GUANAJUATO",3,"JUNTOS HAREMOS HISTORIA","PES",\N
"GUANAJUATO","GUANAJUATO",3,"POR MEXICO AL FRENTE","PAN",\N
"GUANAJUATO","GUANAJUATO",4,"JUNTOS HAREMOS HISTORIA","PES",\N
"GUANAJUATO","GUANAJUATO",4,"POR MEXICO AL FRENTE","PAN",\N
"GUANAJUATO","GUANAJUATO",5,"JUNTOS HAREMOS HISTORIA","MORENA",\N
"GUANAJUATO","GUANAJUATO",5,"POR MEXICO AL FRENTE","PAN",\N
"GUANAJUATO","GUANAJUATO",6,"JUNTOS HAREMOS HISTORIA","MORENA",\N
"GUANAJUATO","GUANAJUATO",6,"POR MEXICO AL FRENTE","PAN",\N
"GUANAJUATO","GUANAJUATO",7,"JUNTOS HAREMOS HISTORIA","MORENA",\N
"GUANAJUATO","GUANAJUATO",7,"POR MEXICO AL FRENTE","PAN",\N
"GUANAJUATO","GUANAJUATO",8,"JUNTOS HAREMOS HISTORIA","MORENA",\N
"GUANAJUATO","GUANAJUATO",8,"POR MEXICO AL FRENTE","PAN",\N
"GUANAJUATO","GUANAJUATO",9,"JUNTOS HAREMOS HISTORIA","PES",\N
"GUANAJUATO","GUANAJUATO",9,"POR MEXICO AL FRENTE","PAN",\N
"GUANAJUATO","GUANAJUATO",10,"POR MEXICO AL FRENTE","PRD",\N
"GUANAJUATO","GUANAJUATO",11,"JUNTOS HAREMOS HISTORIA","PT",\N
"GUANAJUATO","GUANAJUATO",11,"POR MEXICO AL FRENTE","PAN",\N
"GUANAJUATO","GUANAJUATO",12,"JUNTOS HAREMOS HISTORIA","MORENA",\N
"GUANAJUATO","GUANAJUATO",12,"POR MEXICO AL FRENTE","PAN",\N
"GUANAJUATO","GUANAJUATO",13,"JUNTOS HAREMOS HISTORIA","MORENA",\N
"GUANAJUATO","GUANAJUATO",13,"POR MEXICO AL FRENTE","PRD",\N
"GUANAJUATO","GUANAJUATO",14,"JUNTOS HAREMOS HISTORIA","MORENA",\N
"GUANAJUATO","GUANAJUATO",14,"POR MEXICO AL FRENTE","PAN",\N
"GUANAJUATO","GUANAJUATO",15,"JUNTOS HAREMOS HISTORIA","PT",\N
"GUANAJUATO","GUANAJUATO",15,"POR MEXICO AL FRENTE","PAN",\N
"GUERRERO","GUERRERO",1,"JUNTOS HAREMOS HISTORIA","PT",\N
"GUERRERO","GUERRERO",1,"POR MEXICO AL FRENTE","PRD",\N
"GUERRERO","GUERRERO",2,"JUNTOS HAREMOS HISTORIA","PES",\N
"GUERRERO","GUERRERO",2,"POR MEXICO AL FRENTE","PAN",\N
"GUERRERO","GUERRERO",3,"JUNTOS HAREMOS HISTORIA","MORENA",\N
"GUERRERO","GUERRERO",3,"POR MEXICO AL FRENTE","PRD",\N
"GUERRERO","GUERRERO",4,"JUNTOS HAREMOS HISTORIA","MORENA",\N
"GUERRERO","GUERRERO",4,"POR MEXICO AL FRENTE","MC",\N
"GUERRERO","GUERRERO",5,"JUNTOS HAREMOS HISTORIA","MORENA",\N
"GUERRERO","GUERRERO",5,"POR MEXICO AL FRENTE","MC",\N
"GUERRERO","GUERRERO",6,"JUNTOS HAREMOS HISTORIA","PT",\N
"GUERRERO","GUERRERO",6,"POR MEXICO AL FRENTE","PRD",\N
"GUERRERO","GUERRERO",7,"JUNTOS HAREMOS HISTORIA","PAN",\N
"GUERRERO","GUERRERO",7,"POR MEXICO AL FRENTE","PAN",\N
"GUERRERO","GUERRERO",8,"JUNTOS HAREMOS HISTORIA","MORENA",\N
"GUERRERO","GUERRERO",8,"POR MEXICO AL FRENTE","PRD",\N
"GUERRERO","GUERRERO",9,"JUNTOS HAREMOS HISTORIA","PT",\N
"GUERRERO","GUERRERO",9,"POR MEXICO AL FRENTE","PRD",\N
"HIDALGO","HIDALGO",1,"POR MEXICO AL FRENTE","PRD",\N
"HIDALGO","HIDALGO",2,"POR MEXICO AL FRENTE","PAN",\N
"HIDALGO","HIDALGO",3,"POR MEXICO AL FRENTE","PAN",\N
"HIDALGO","HIDALGO",4,"POR MEXICO AL FRENTE","MC",\N
"HIDALGO","HIDALGO",5,"POR MEXICO AL FRENTE","PAN",\N
"HIDALGO","HIDALGO",6,"POR MEXICO AL FRENTE","PAN",\N
"HIDALGO","HIDALGO",7,"POR MEXICO AL FRENTE","PAN",\N
"JALISCO","JALISCO",1,"JUNTOS HAREMOS HISTORIA","PT",\N
"JALISCO","JALISCO",1,"POR MEXICO AL FRENTE","MC",\N
"JALISCO","JALISCO",2,"JUNTOS HAREMOS HISTORIA","MORENA",\N
"JALISCO","JALISCO",2,"POR MEXICO AL FRENTE","PAN",\N
"JALISCO","JALISCO",3,"JUNTOS HAREMOS HISTORIA","PT",\N
"JALISCO","JALISCO",3,"POR MEXICO AL FRENTE","PAN",\N
"JALISCO","JALISCO",4,"JUNTOS HAREMOS HISTORIA","PES",\N
"JALISCO","JALISCO",4,"POR MEXICO AL FRENTE","MC",\N
"JALISCO","JALISCO",5,"JUNTOS HAREMOS HISTORIA","PT",\N
"JALISCO","JALISCO",5,"POR MEXICO AL FRENTE","MC",\N
"JALISCO","JALISCO",6,"JUNTOS HAREMOS HISTORIA","PES",\N
"JALISCO","JALISCO",6,"POR MEXICO AL FRENTE","MC",\N
"JALISCO","JALISCO",7,"JUNTOS HAREMOS HISTORIA","MORENA",\N
"JALISCO","JALISCO",7,"POR MEXICO AL FRENTE","MC",\N
"JALISCO","JALISCO",8,"JUNTOS HAREMOS HISTORIA","MORENA",\N
"JALISCO","JALISCO",8,"POR MEXICO AL FRENTE","PRD",\N
"JALISCO","JALISCO",9,"JUNTOS HAREMOS HISTORIA","MORENA",\N
"JALISCO","JALISCO",9,"POR MEXICO AL FRENTE","MC",\N
"JALISCO","JALISCO",10,"JUNTOS HAREMOS HISTORIA","PES",\N
"JALISCO","JALISCO",10,"POR MEXICO AL FRENTE","MC",\N
"JALISCO","JALISCO",11,"JUNTOS HAREMOS HISTORIA","MORENA",\N
"JALISCO","JALISCO",11,"POR MEXICO AL FRENTE","MC",\N
"JALISCO","JALISCO",12,"JUNTOS HAREMOS HISTORIA","MORENA",\N
"JALISCO","JALISCO",12,"POR MEXICO AL FRENTE","MC",\N
"JALISCO","JALISCO",13,"JUNTOS HAREMOS HISTORIA","PES",\N
"JALISCO","JALISCO",13,"POR MEXICO AL FRENTE","MC",\N
"JALISCO","JALISCO",14,"JUNTOS HAREMOS HISTORIA","PES",\N
"JALISCO","JALISCO",14,"POR MEXICO AL FRENTE","MC",\N
"JALISCO","JALISCO",15,"JUNTOS HAREMOS HISTORIA","PES",\N
"JALISCO","JALISCO",15,"POR MEXICO AL FRENTE","PAN",\N
"JALISCO","JALISCO",16,"JUNTOS HAREMOS HISTORIA","PT",\N
"JALISCO","JALISCO",16,"POR MEXICO AL FRENTE","PAN",\N
"JALISCO","JALISCO",17,"JUNTOS HAREMOS HISTORIA","MORENA",\N
"JALISCO","JALISCO",17,"POR MEXICO AL FRENTE","MC",\N
"JALISCO","JALISCO",18,"JUNTOS HAREMOS HISTORIA","MORENA",\N
"JALISCO","JALISCO",18,"POR MEXICO AL FRENTE","PRD",\N
"JALISCO","JALISCO",19,"JUNTOS HAREMOS HISTORIA","MORENA",\N
"JALISCO","JALISCO",19,"POR MEXICO AL FRENTE","MC",\N
"JALISCO","JALISCO",20,"JUNTOS HAREMOS HISTORIA","MORENA",\N
"JALISCO","JALISCO",20,"POR MEXICO AL FRENTE","MC",\N
"MORELOS","MORELOS",1,"JUNTOS HAREMOS HISTORIA","PES",\N
"MORELOS","MORELOS",2,"JUNTOS HAREMOS HISTORIA","MORENA",\N
"MORELOS","MORELOS",3,"JUNTOS HAREMOS HISTORIA","PT",\N
"MORELOS","MORELOS",4,"JUNTOS HAREMOS HISTORIA","PES",\N
"MORELOS","MORELOS",5,"JUNTOS HAREMOS HISTORIA","MORENA",\N
"NAYARIT","NAYARIT",1,"JUNTOS HAREMOS HISTORIA","PT",\N
"NAYARIT","NAYARIT",1,"POR MEXICO AL FRENTE","PRD",\N
"NAYARIT","NAYARIT",2,"JUNTOS HAREMOS HISTORIA","PES",\N
"NAYARIT","NAYARIT",2,"POR MEXICO AL FRENTE","MC",\N
"NAYARIT","NAYARIT",3,"POR MEXICO AL FRENTE","PAN",\N
"NUEVO LEÓN","NUEVO LEON",1,"JUNTOS HAREMOS HISTORIA","MORENA",\N
"NUEVO LEÓN","NUEVO LEON",2,"JUNTOS HAREMOS HISTORIA","PES",\N
"NUEVO LEÓN","NUEVO LEON",3,"JUNTOS HAREMOS HISTORIA","MORENA",\N
"NUEVO LEÓN","NUEVO LEON",4,"JUNTOS HAREMOS HISTORIA","PES",\N
"NUEVO LEÓN","NUEVO LEON",5,"JUNTOS HAREMOS HISTORIA","PT",\N
"NUEVO LEÓN","NUEVO LEON",6,"JUNTOS HAREMOS HISTORIA","PT",\N
"NUEVO LEÓN","NUEVO LEON",7,"JUNTOS HAREMOS HISTORIA","PT",\N
"NUEVO LEÓN","NUEVO LEON",8,"JUNTOS HAREMOS HISTORIA","PES",\N
"NUEVO LEÓN","NUEVO LEON",9,"JUNTOS HAREMOS HISTORIA","PT",\N
"NUEVO LEÓN","NUEVO LEON",10,"JUNTOS HAREMOS HISTORIA","MORENA",\N
"NUEVO LEÓN","NUEVO LEON",11,"JUNTOS HAREMOS HISTORIA","PT",\N
"NUEVO LEÓN","NUEVO LEON",12,"JUNTOS HAREMOS HISTORIA","PES",\N
"OAXACA","OAXACA",1,"JUNTOS HAREMOS HISTORIA","PES",\N
"OAXACA","OAXACA",1,"POR MEXICO AL FRENTE","PAN",\N
"OAXACA","OAXACA",2,"JUNTOS HAREMOS HISTORIA","MORENA",\N
"OAXACA","OAXACA",2,"POR MEXICO AL FRENTE","MC",\N
"OAXACA","OAXACA",3,"JUNTOS HAREMOS HISTORIA","PAN",\N
"OAXACA","OAXACA",3,"POR MEXICO AL FRENTE","PAN",\N
"OAXACA","OAXACA",4,"JUNTOS HAREMOS HISTORIA","PT",\N
"OAXACA","OAXACA",4,"POR MEXICO AL FRENTE","PAN",\N
"OAXACA","OAXACA",5,"JUNTOS HAREMOS HISTORIA","MORENA",\N
"OAXACA","OAXACA",5,"POR MEXICO AL FRENTE","PRD",\N
"OAXACA","OAXACA",6,"JUNTOS HAREMOS HISTORIA","MORENA",\N
"OAXACA","OAXACA",6,"POR MEXICO AL FRENTE","PRD",\N
"OAXACA","OAXACA",7,"JUNTOS HAREMOS HISTORIA","PES",\N
"OAXACA","OAXACA",7,"POR MEXICO AL FRENTE","PRD",\N
"OAXACA","OAXACA",8,"JUNTOS HAREMOS HISTORIA","PES",\N
"OAXACA","OAXACA",8,"POR MEXICO AL FRENTE","PRD",\N
"OAXACA","OAXACA",9,"JUNTOS HAREMOS HISTORIA","MORENA",\N
"OAXACA","OAXACA",9,"POR MEXICO AL FRENTE","PRD",\N
"OAXACA","OAXACA",10,"JUNTOS HAREMOS HISTORIA","PT",\N
"OAXACA","OAXACA",10,"POR MEXICO AL FRENTE","PAN",\N
"PUEBL A","PUEBL A",12,"POR MEXICO AL FRENTE","PRD",\N
"PUEBLA","PUEBLA",1,"JUNTOS HAREMOS HISTORIA","PES",\N
"PUEBLA","PUEBLA",1,"POR MEXICO AL FRENTE","PRD",\N
"PUEBLA","PUEBLA",2,"JUNTOS HAREMOS HISTORIA","MORENA",\N
"PUEBLA","PUEBLA",2,"POR MEXICO AL FRENTE","MC",\N
"PUEBLA","PUEBLA",3,"JUNTOS HAREMOS HISTORIA","PT",\N
"PUEBLA","PUEBLA",3,"POR MEXICO AL FRENTE","PAN",\N
"PUEBLA","PUEBLA",4,"JUNTOS HAREMOS HISTORIA","MORENA",\N
"PUEBLA","PUEBLA",4,"POR MEXICO AL FRENTE","PAN",\N
"PUEBLA","PUEBLA",5,"JUNTOS HAREMOS HISTORIA","PT",\N
"PUEBLA","PUEBLA",5,"POR MEXICO AL FRENTE","PAN",\N
"PUEBLA","PUEBLA",6,"JUNTOS HAREMOS HISTORIA","PT",\N
"PUEBLA","PUEBLA",6,"POR MEXICO AL FRENTE","PAN",\N
"PUEBLA","PUEBLA",7,"JUNTOS HAREMOS HISTORIA","PT",\N
"PUEBLA","PUEBLA",7,"POR MEXICO AL FRENTE","PAN",\N
"PUEBLA","PUEBLA",8,"JUNTOS HAREMOS HISTORIA","MORENA",\N
"PUEBLA","PUEBLA",8,"POR MEXICO AL FRENTE","MC",\N
"PUEBLA","PUEBLA",9,"JUNTOS HAREMOS HISTORIA","PES",\N
"PUEBLA","PUEBLA",9,"POR MEXICO AL FRENTE","PAN",\N
"PUEBLA","PUEBLA",10,"JUNTOS HAREMOS HISTORIA","PES",\N
"PUEBLA","PUEBLA",10,"POR MEXICO AL FRENTE","PAN",\N
"PUEBLA","PUEBLA",11,"JUNTOS HAREMOS HISTORIA","MORENA",\N
"PUEBLA","PUEBLA",11,"POR MEXICO AL FRENTE","PAN",\N
"PUEBLA","PUEBLA",12,"JUNTOS HAREMOS HISTORIA","PES",\N
"PUEBLA","PUEBLA",13,"JUNTOS HAREMOS HISTORIA","MORENA",\N
"PUEBLA","PUEBLA",13,"POR MEXICO AL FRENTE","PAN",\N
"PUEBLA","PUEBLA",14,"JUNTOS HAREMOS HISTORIA","MORENA",\N
"PUEBLA","PUEBLA",14,"POR MEXICO AL FRENTE","PAN",\N
"PUEBLA","PUEBLA",15,"JUNTOS HAREMOS HISTORIA","PT",\N
"PUEBLA","PUEBLA",15,"POR MEXICO AL FRENTE","PAN",\N
"QUERE TARO","QUERE TARO",1,"JUNTOS HAREMOS HISTORIA","MORENA",\N
"QUERE TARO","QUERE TARO",1,"POR MEXICO AL FRENTE","PAN",\N
"QUERE TARO","QUERE TARO",2,"JUNTOS HAREMOS HISTORIA","PES",\N
"QUERE TARO","QUERE TARO",2,"POR MEXICO AL FRENTE","PRD",\N
"QUERE TARO","QUERE TARO",3,"JUNTOS HAREMOS HISTORIA","PES",\N
"QUERE TARO","QUERE TARO",3,"POR MEXICO AL FRENTE","PAN",\N
"QUERE TARO","QUERE TARO",4,"JUNTOS HAREMOS HISTORIA","MORENA",\N
"QUERE TARO","QUERE TARO",4,"POR MEXICO AL FRENTE","PAN",\N
"QUERÉTARO","QUERETARO",5,"JUNTOS HAREMOS HISTORIA","PT",\N
"QUERÉTARO","QUERETARO",5,"POR MEXICO AL FRENTE","PAN",\N
"QUINTANA ROO","QUINTANA ROO",1,"JUNTOS HAREMOS HISTORIA","MORENA",\N
"QUINTANA ROO","QUINTANA ROO",1,"POR MEXICO AL FRENTE","MC",\N
"QUINTANA ROO","QUINTANA ROO",2,"JUNTOS HAREMOS HISTORIA","MORENA",\N
"QUINTANA ROO","QUINTANA ROO",2,"POR MEXICO AL FRENTE","PAN",\N
"QUINTANA ROO","QUINTANA ROO",3,"JUNTOS HAREMOS HISTORIA","PES",\N
"QUINTANA ROO","QUINTANA ROO",3,"POR MEXICO AL FRENTE","PRD",\N
"QUINTANA ROO","QUINTANA ROO",4,"JUNTOS HAREMOS HISTORIA","PT",\N
"QUINTANA ROO","QUINTANA ROO",4,"POR MEXICO AL FRENTE","PRD",\N
"SAN LUIS POT OSI","SAN LUIS POT OSI",2,"POR MEXICO AL FRENTE","PRD",\N
"SAN LUIS POTOSÍ","SAN LUIS POTOSI",1,"JUNTOS HAREMOS HISTORIA","MORENA",\N
"SAN LUIS POTOSÍ","SAN LUIS POTOSI",1,"POR MEXICO AL FRENTE","MC",\N
"SAN LUIS POTOSÍ","SAN LUIS POTOSI",2,"JUNTOS HAREMOS HISTORIA","PT",\N
"SAN LUIS POTOSÍ","SAN LUIS POTOSI",3,"JUNTOS HAREMOS HISTORIA","MORENA",\N
"SAN LUIS POTOSÍ","SAN LUIS POTOSI",3,"POR MEXICO AL FRENTE","PRD",\N
"SAN LUIS POTOSÍ","SAN LUIS POTOSI",4,"JUNTOS HAREMOS HISTORIA","PT",\N
"SAN LUIS POTOSÍ","SAN LUIS POTOSI",4,"POR MEXICO AL FRENTE","PAN",\N
"SAN LUIS POTOSÍ","SAN LUIS POTOSI",5,"JUNTOS HAREMOS HISTORIA","MORENA",\N
"SAN LUIS POTOSÍ","SAN LUIS POTOSI",5,"POR MEXICO AL FRENTE","PAN",\N
"SAN LUIS POTOSÍ","SAN LUIS POTOSI",6,"JUNTOS HAREMOS HISTORIA","MORENA",\N
"SAN LUIS POTOSÍ","SAN LUIS POTOSI",6,"POR MEXICO AL FRENTE","PRD",\N
"SAN LUIS POTOSÍ","SAN LUIS POTOSI",7,"JUNTOS HAREMOS HISTORIA","PES",\N
"SAN LUIS POTOSÍ","SAN LUIS POTOSI",7,"POR MEXICO AL FRENTE","PAN",\N
"SINALOA","SINALOA",1,"JUNTOS HAREMOS HISTORIA","PT",\N
"SINALOA","SINALOA",1,"POR MEXICO AL FRENTE","PAN",\N
"SINALOA","SINALOA",2,"JUNTOS HAREMOS HISTORIA","MORENA",\N
"SINALOA","SINALOA",2,"POR MEXICO AL FRENTE","PAN",\N
"SINALOA","SINALOA",3,"JUNTOS HAREMOS HISTORIA","PT",\N
"SINALOA","SINALOA",3,"POR MEXICO AL FRENTE","PRD",\N
"SINALOA","SINALOA",4,"JUNTOS HAREMOS HISTORIA","PT",\N
"SINALOA","SINALOA",4,"POR MEXICO AL FRENTE","PAN",\N
"SINALOA","SINALOA",5,"JUNTOS HAREMOS HISTORIA","MORENA",\N
"SINALOA","SINALOA",5,"POR MEXICO AL FRENTE","MC",\N
"SINALOA","SINALOA",6,"JUNTOS HAREMOS HISTORIA","MORENA",\N
"SINALOA","SINALOA",6,"POR MEXICO AL FRENTE","PAN",\N
"SINALOA","SINALOA",7,"JUNTOS HAREMOS HISTORIA","MORENA",\N
"SINALOA","SINALOA",7,"POR MEXICO AL FRENTE","PAN",\N
"SONORA","SONORA",1,"JUNTOS HAREMOS HISTORIA","PES",\N
"SONORA","SONORA",1,"POR MEXICO AL FRENTE","PAN",\N
"SONORA","SONORA",2,"JUNTOS HAREMOS HISTORIA","MORENA",\N
"SONORA","SONORA",2,"POR MEXICO AL FRENTE","PAN",\N
"SONORA","SONORA",3,"JUNTOS HAREMOS HISTORIA","PES",\N
"SONORA","SONORA",3,"POR MEXICO AL FRENTE","PAN",\N
"SONORA","SONORA",4,"JUNTOS HAREMOS HISTORIA","MORENA",\N
"SONORA","SONORA",4,"POR MEXICO AL FRENTE","PRD",\N
"SONORA","SONORA",5,"JUNTOS HAREMOS HISTORIA","MORENA",\N
"SONORA","SONORA",5,"POR MEXICO AL FRENTE","MC",\N
"SONORA","SONORA",6,"JUNTOS HAREMOS HISTORIA","MORENA",\N
"SONORA","SONORA",6,"POR MEXICO AL FRENTE","MC",\N
"SONORA","SONORA",7,"JUNTOS HAREMOS HISTORIA","PT",\N
"SONORA","SONORA",7,"POR MEXICO AL FRENTE","PAN",\N
"TABA SCO","TABA SCO",3,"JUNTOS HAREMOS HISTORIA","MORENA",\N
"TABASCO","TABASCO",1,"JUNTOS HAREMOS HISTORIA","PES",\N
"TABASCO","TABASCO",1,"POR MEXICO AL FRENTE","PAN",\N
"TABASCO","TABASCO",2,"JUNTOS HAREMOS HISTORIA","MORENA",\N
"TABASCO","TABASCO",2,"POR MEXICO AL FRENTE","PRD",\N
"TABASCO","TABASCO",3,"POR MEXICO AL FRENTE","PRD",\N
"TABASCO","TABASCO",4,"JUNTOS HAREMOS HISTORIA","MORENA",\N
"TABASCO","TABASCO",4,"POR MEXICO AL FRENTE","PAN",\N
"TABASCO","TABASCO",5,"JUNTOS HAREMOS HISTORIA","MORENA",\N
"TABASCO","TABASCO",5,"POR MEXICO AL FRENTE","PRD",\N
"TABASCO","TABASCO",6,"JUNTOS HAREMOS HISTORIA","PES",\N
"TABASCO","TABASCO",6,"POR MEXICO AL FRENTE","MC",\N
"TAM AULIPAS","TAM AULIPAS",4,"JUNTOS HAREMOS HISTORIA","PES",\N
"TAMAULIPAS","TAMAULIPAS",1,"JUNTOS HAREMOS HISTORIA","MORENA",\N
"TAMAULIPAS","TAMAULIPAS",1,"POR MEXICO AL FRENTE","PAN",\N
"TAMAULIPAS","TAMAULIPAS",2,"JUNTOS HAREMOS HISTORIA","PES",\N
"TAMAULIPAS","TAMAULIPAS",2,"POR MEXICO AL FRENTE","PAN",\N
"TAMAULIPAS","TAMAULIPAS",3,"JUNTOS HAREMOS HISTORIA","PES",\N
"TAMAULIPAS","TAMAULIPAS",3,"POR MEXICO AL FRENTE","PAN",\N
"TAMAULIPAS","TAMAULIPAS",4,"POR MEXICO AL FRENTE","MC",\N
"TAMAULIPAS","TAMAULIPAS",5,"JUNTOS HAREMOS HISTORIA","PES",\N
"TAMAULIPAS","TAMAULIPAS",5,"POR MEXICO AL FRENTE","MC",\N
"TAMAULIPAS","TAMAULIPAS",6,"JUNTOS HAREMOS HISTORIA","MORENA",\N
"TAMAULIPAS","TAMAULIPAS",6,"POR MEXICO AL FRENTE","PAN",\N
"TAMAULIPAS","TAMAULIPAS",7,"JUNTOS HAREMOS HISTORIA","MORENA",\N
"TAMAULIPAS","TAMAULIPAS",7,"POR MEXICO AL FRENTE","PRD",\N
"TAMAULIPAS","TAMAULIPAS",8,"JUNTOS HAREMOS HISTORIA","PES",\N
"TAMAULIPAS","TAMAULIPAS",8,"POR MEXICO AL FRENTE","PAN",\N
"TAMAULIPAS","TAMAULIPAS",9,"JUNTOS HAREMOS HISTORIA","PT",\N
"TAMAULIPAS","TAMAULIPAS",9,"POR MEXICO AL FRENTE","PAN",\N
"TLAXCALA","TLAXCALA",1,"JUNTOS HAREMOS HISTORIA","MORENA",\N
"TLAXCALA","TLAXCALA",1,"POR MEXICO AL FRENTE","PAN",\N
"TLAXCALA","TLAXCALA",2,"JUNTOS HAREMOS HISTORIA","MORENA",\N
"TLAXCALA","TLAXCALA",2,"POR MEXICO AL FRENTE","PRD",\N
"TLAXCALA","TLAXCALA",3,"JUNTOS HAREMOS HISTORIA","PES",\N
"TLAXCALA","TLAXCALA",3,"POR MEXICO AL FRENTE","PAN",\N
"VERACRUZ","VERACRUZ",1,"JUNTOS HAREMOS HISTORIA","PES",\N
"VERACRUZ","VERACRUZ",1,"POR MEXICO AL FRENTE","PAN",\N
"VERACRUZ","VERACRUZ",2,"JUNTOS HAREMOS HISTORIA","MORENA",\N
"VERACRUZ","VERACRUZ",2,"POR MEXICO AL FRENTE","PAN",\N
"VERACRUZ","VERACRUZ",3,"JUNTOS HAREMOS HISTORIA","PES",\N
"VERACRUZ","VERACRUZ",3,"POR MEXICO AL FRENTE","PAN",\N
"VERACRUZ","VERACRUZ",4,"JUNTOS HAREMOS HISTORIA","MORENA",\N
"VERACRUZ","VERACRUZ",4,"POR MEXICO AL FRENTE","MC",\N
"VERACRUZ","VERACRUZ",5,"JUNTOS HAREMOS HISTORIA","MORENA",\N
"VERACRUZ","VERACRUZ",5,"POR MEXICO AL FRENTE","PRD",\N
"VERACRUZ","VERACRUZ",6,"JUNTOS HAREMOS HISTORIA","MORENA",\N
"VERACRUZ","VERACRUZ",6,"POR MEXICO AL FRENTE","MC",\N
"VERACRUZ","VERACRUZ",7,"JUNTOS HAREMOS HISTORIA","PT",\N
"VERACRUZ","VERACRUZ",7,"POR MEXICO AL FRENTE","MC",\N
"VERACRUZ","VERACRUZ",8,"JUNTOS HAREMOS HISTORIA","PES",\N
"VERACRUZ","VERACRUZ",8,"POR MEXICO AL FRENTE","PAN",\N
"VERACRUZ","VERACRUZ",9,"JUNTOS HAREMOS HISTORIA","PES",\N
"VERACRUZ","VERACRUZ",9,"POR MEXICO AL FRENTE","PRD",\N
"VERACRUZ","VERACRUZ",10,"JUNTOS HAREMOS HISTORIA","MORENA",\N
"VERACRUZ","VERACRUZ",10,"POR MEXICO AL FRENTE","PRD",\N
"VERACRUZ","VERACRUZ",11,"JUNTOS HAREMOS HISTORIA","MORENA",\N
"VERACRUZ","VERACRUZ",11,"POR MEXICO AL FRENTE","PAN",\N
"VERACRUZ","VERACRUZ",12,"JUNTOS HAREMOS HISTORIA","PT",\N
"VERACRUZ","VERACRUZ",12,"POR MEXICO AL FRENTE","PAN",\N
"VERACRUZ","VERACRUZ",13,"JUNTOS HAREMOS HISTORIA","MORENA",\N
"VERACRUZ","VERACRUZ",13,"POR MEXICO AL FRENTE","MC",\N
"VERACRUZ","VERACRUZ",14,"JUNTOS HAREMOS HISTORIA","MORENA",\N
"VERACRUZ","VERACRUZ",14,"POR MEXICO AL FRENTE","PAN",\N
"VERACRUZ","VERACRUZ",15,"JUNTOS HAREMOS HISTORIA","PT",\N
"VERACRUZ","VERACRUZ",15,"POR MEXICO AL FRENTE","MC",\N
"VERACRUZ","VERACRUZ",16,"JUNTOS HAREMOS HISTORIA","MORENA",\N
"VERACRUZ","VERACRUZ",16,"POR MEXICO AL FRENTE","MC",\N
"VERACRUZ","VERACRUZ",17,"JUNTOS HAREMOS HISTORIA","MORENA",\N
"VERACRUZ","VERACRUZ",17,"POR MEXICO AL FRENTE","PAN",\N
"VERACRUZ","VERACRUZ",18,"JUNTOS HAREMOS HISTORIA","PES",\N
"VERACRUZ","VERACRUZ",18,"POR MEXICO AL FRENTE","PRD",\N
"VERACRUZ","VERACRUZ",19,"POR MEXICO AL FRENTE","PRD",\N
"VERACRUZ","VERACRUZ",20,"JUNTOS HAREMOS HISTORIA","PT",\N
"VERACRUZ","VERACRUZ",20,"POR MEXICO AL FRENTE","PAN",\N
"YUCATÁN","YUCATAN",1,"JUNTOS HAREMOS HISTORIA","PES",\N
"YUCATÁN","YUCATAN",1,"POR MEXICO AL FRENTE","PAN",\N
"YUCATÁN","YUCATAN",2,"JUNTOS HAREMOS HISTORIA","MORENA",\N
"YUCATÁN","YUCATAN",2,"POR MEXICO AL FRENTE","PAN",\N
"YUCATÁN","YUCATAN",3,"JUNTOS HAREMOS HISTORIA","MORENA",\N
"YUCATÁN","YUCATAN",3,"POR MEXICO AL FRENTE","PAN",\N
"YUCATÁN","YUCATAN",4,"JUNTOS HAREMOS HISTORIA","MORENA",\N
"YUCATÁN","YUCATAN",4,"POR MEXICO AL FRENTE","PAN",\N
"YUCATÁN","YUCATAN",5,"JUNTOS HAREMOS HISTORIA","PT",\N
"YUCATÁN","YUCATAN",5,"POR MEXICO AL FRENTE","PRD",\N
"ZACATECA S","ZACATECA S",2,"JUNTOS HAREMOS HISTORIA","MORENA",\N
"ZACATECAS","ZACATECAS",1,"JUNTOS HAREMOS HISTORIA","PES",\N
"ZACATECAS","ZACATECAS",1,"POR MEXICO AL FRENTE","PRD",\N
"ZACATECAS","ZACATECAS",2,"POR MEXICO AL FRENTE","PAN",\N
"ZACATECAS","ZACATECAS",3,"JUNTOS HAREMOS HISTORIA","PT",\N
"ZACATECAS","ZACATECAS",3,"POR MEXICO AL FRENTE","PRD",\N
"ZACATECAS","ZACATECAS",4,"JUNTOS HAREMOS HISTORIA","PT",\N
"ZACATECAS","ZACATECAS",4,"POR MEXICO AL FRENTE","MC",\N
